<keymap version="1" name="ReSharper copy" parent="ReSharper">
  <action id="Back">
    <keyboard-shortcut first-keystroke="shift ctrl up" />
    <keyboard-shortcut first-keystroke="ctrl q" />
  </action>
  <action id="ChangesView.Diff" />
  <action id="CloseActiveTab" />
  <action id="CloseAllEditorsButActive">
    <keyboard-shortcut first-keystroke="shift ctrl w" />
  </action>
  <action id="CloseContent">
    <keyboard-shortcut first-keystroke="ctrl w" />
  </action>
  <action id="CompareTwoFiles" />
  <action id="Console.TableResult.CloneRow" />
  <action id="DecrementWindowHeight" />
  <action id="Diff.ShowDiff" />
  <action id="EditorDuplicate" />
  <action id="EditorSelectWord" />
  <action id="EditorUnSelectWord" />
  <action id="FileChooser.GotoDesktop" />
  <action id="FindNext">
    <keyboard-shortcut first-keystroke="f3" />
    <keyboard-shortcut first-keystroke="ctrl alt page_down" />
  </action>
  <action id="FindPrevious">
    <keyboard-shortcut first-keystroke="shift f3" />
    <keyboard-shortcut first-keystroke="ctrl alt page_up" />
  </action>
  <action id="Forward">
    <keyboard-shortcut first-keystroke="shift ctrl down" />
    <keyboard-shortcut first-keystroke="ctrl e" />
  </action>
  <action id="GotoDeclaration">
    <mouse-shortcut keystroke="control button1" />
    <keyboard-shortcut first-keystroke="ctrl d" />
  </action>
  <action id="IncrementWindowHeight" />
  <action id="QuickJavaDoc" />
  <action id="RecentFiles" />
  <action id="ResetColumnsWidth" />
  <action id="ResizeToolWindowDown" />
  <action id="ResizeToolWindowUp" />
  <action id="RevealIn">
    <keyboard-shortcut first-keystroke="shift alt e" />
  </action>
  <action id="RiderUnitTestDebugContextTwAction" />
  <action id="RunDashboard.CopyConfiguration" />
  <action id="SendEOF" />
  <action id="SwitcherRecentEditedChangedToggleCheckBox" />
  <action id="openAssertEqualsDiff" />
</keymap>